name,release_date,developer,publisher,steamspy_tags,positive_ratings,negative_ratings,price
Counter-Strike,01/11/2000,Valve,Valve,"Action,FPS,Multiplayer",124534,3339,719
Team Fortress Classic,01/04/1999,Valve,Valve,"Action,FPS,Multiplayer",3318,633,399
Day of Defeat,01/05/2003,Valve,Valve,"FPS,World War II,Multiplayer",3416,398,399
Deathmatch Classic,01/06/2001,Valve,Valve,"Action,FPS,Multiplayer",1273,267,399
Half-Life: Opposing Force,01/11/1999,Gearbox Software,Valve,"FPS,Action,Sci-fi",5250,288,399
Ricochet,01/11/2000,Valve,Valve,"Action,FPS,Multiplayer",2758,684,399
Half-Life,08/11/1998,Valve,Valve,"FPS,Classic,Action",27755,1100,719
Counter-Strike: Condition Zero,01/03/2004,Valve,Valve,"Action,FPS,Multiplayer",12120,1439,719
Half-Life: Blue Shift,01/06/2001,Gearbox Software,Valve,"FPS,Action,Sci-fi",3822,420,399
Half-Life 2,16/11/2004,Valve,Valve,"FPS,Action,Sci-fi",67902,2419,719
Counter-Strike: Source,01/11/2004,Valve,Valve,"Action,FPS,Multiplayer",76640,3497,719
Half-Life: Source,01/06/2004,Valve,Valve,"FPS,Action,Sci-fi",3767,1053,0
Day of Defeat: Source,12/07/2010,Valve,Valve,"FPS,World War II,Multiplayer",10489,1210,719
Half-Life 2: Deathmatch,01/11/2004,Valve,Valve,"Action,FPS,Multiplayer",6020,787,399
Half-Life 2: Lost Coast,27/10/2005,Valve,Valve,"FPS,Action,Singleplayer",5783,1020,0
Half-Life Deathmatch: Source,01/05/2006,Valve,Valve,"Action,FPS,Multiplayer",1362,473,0
Half-Life 2: Episode One,01/06/2006,Valve,Valve,"FPS,Action,Sci-fi",7908,517,579
Portal,10/10/2007,Valve,Valve,"Puzzle,First-Person,Singleplayer",51801,1080,719
Half-Life 2: Episode Two,10/10/2007,Valve,Valve,"FPS,Action,Sci-fi",13902,696,579
Team Fortress 2,10/10/2007,Valve,Valve,"Free to Play,Multiplayer,FPS",515879,34036,0
Left 4 Dead,17/11/2008,Valve,Valve,"Zombies,Co-op,FPS",17951,948,719
Left 4 Dead 2,19/11/2009,Valve,Valve,"Zombies,Co-op,FPS",251789,8418,719
Dota 2,09/07/2013,Valve,Valve,"Free to Play,MOBA,Strategy",863507,142079,0
Portal 2,18/04/2011,Valve,Valve,"Puzzle,Co-op,First-Person",138220,1891,719
Alien Swarm,19/07/2010,Valve,Valve,"Free to Play,Co-op,Action",17435,941,0
Counter-Strike: Global Offensive,21/08/2012,"Valve,Hidden Path Entertainment",Valve,"FPS,Multiplayer,Shooter",2644404,402313,0
Source Filmmaker,10/07/2012,Valve,Valve,"Animation & Modeling,Video Production,Free to Play",15083,1111,0
Dark Messiah of Might & Magic,25/10/2006,Arkane Studios,Ubisoft,"RPG,Action,First-Person",4386,316,429
Bloody Good Time,29/10/2010,Outerlight Ltd.,Ubisoft,"Action,Multiplayer,FPS",662,204,429
Vampire: The Masquerade - Bloodlines,22/03/2007,Troika Games,Activision,"RPG,Vampire,Cult Classic",6161,362,1499
GUN™,13/10/2006,Neversoft,Activision,"Western,Action,Open World",740,87,999
Call of Duty®,13/10/2006,Infinity Ward,Activision,"FPS,World War II,Action",1555,117,1499
Call of Duty: United Offensive,13/10/2006,Gray Matter Studios,Activision,"Action,World War II,FPS",490,97,1499
Garry's Mod,29/11/2006,Facepunch Studios,Valve,"Sandbox,Multiplayer,Funny",363721,16433,699
Company of Heroes - Legacy Edition,17/07/2007,Relic Entertainment,SEGA,"Strategy,RTS,World War II",4772,320,0
Warhammer® 40000: Dawn of War® - Game of the Year Edition,07/08/2007,Relic Entertainment,SEGA,"Strategy,Warhammer 40K,RTS",3485,206,999
Warhammer® 40000: Dawn of War® - Dark Crusade,07/08/2007,Relic Entertainment,SEGA,"Strategy,Warhammer 40K,RTS",2849,133,999
Condemned: Criminal Origins,29/10/2012,Monolith,SEGA,"Horror,Action,Atmospheric",1243,221,999
Rome: Total War™ - Collection,28/08/2007,CREATIVE ASSEMBLY,SEGA,"Strategy,Historical,Rome",7806,562,899
Rome: Total War™ - Alexander,28/08/2007,The Creative Assembly,SEGA,"Strategy,RTS,Historical",331,131,899
Battlestations: Midway,15/03/2007,Eidos Interactive,Square Enix,"Action,World War II,Naval",316,113,499
Just Cause,15/03/2007,Avalanche Studios,Square Enix,"Action,Open World,Shooter",1732,846,499
Deus Ex: Game of the Year Edition,29/03/2007,Ion Storm,Square Enix,"Cyberpunk,RPG,Stealth",6242,347,499
Deus Ex: Invisible War,29/03/2007,Ion Storm,Square Enix,"Cyberpunk,Action,FPS",649,433,499
Thief: Deadly Shadows,29/03/2007,Ion Storm,Square Enix,"Stealth,Atmospheric,Action",1135,210,699
Tomb Raider: Legend,29/03/2007,Crystal Dynamics,Square Enix,"Adventure,Action,Female Protagonist",1656,243,499
Project: Snowblind,29/03/2007,Crystal Dynamics,Square Enix,"Action,FPS,Cyberpunk",175,61,399
Trackmania United Forever Star Edition,16/04/2008,Nadeo,Ubisoft,"Racing,Multiplayer,Level Editor",963,55,2599
Kane and Lynch: Dead Men™,13/12/2007,IO Interactive,Square Enix,"Action,Third-Person Shooter,Crime",1223,724,499
Conflict: Denied Ops,08/02/2008,Pivotal Games,Square Enix,"Action,FPS,Singleplayer",89,103,399
Tomb Raider: Underworld,21/11/2008,Crystal Dynamics,Square Enix,"Adventure,Action,Female Protagonist",1779,594,699
Battlestations Pacific,13/05/2009,Eidos Studio Hungary,Square Enix,"World War II,Strategy,Action",1028,542,699
Just Cause 2,23/03/2010,Avalanche Studios,Square Enix,"Open World,Action,Sandbox",33636,3231,999
Geometry Wars: Retro Evolved,18/06/2007,Bizarre Creations,Activision,"Arcade,Twin Stick Shooter,Casual",583,62,299
Warhammer® 40000: Dawn of War® – Winter Assault,07/08/2007,Relic Entertainment,SEGA,"Strategy,Warhammer 40K,RTS",606,76,999
Company of Heroes: Opposing Fronts,24/09/2007,Relic Entertainment,SEGA,"Strategy,RTS,Action",579,52,999
Supreme Commander,28/09/2011,Gas Powered Games,Square Enix,"Strategy,RTS,Sci-fi",1065,162,899
Supreme Commander: Forged Alliance,28/09/2011,Gas Powered Games,Square Enix,"Strategy,RTS,Sci-fi",4969,174,899
Warhammer® 40000: Dawn of War® - Soulstorm,07/03/2008,Relic Entertainment,SEGA,"Warhammer 40K,Strategy,RTS",4887,286,999
Call of Duty: World at War,18/11/2008,Treyarch,Activision,"Zombies,World War II,FPS",19595,1483,1999
King's Quest™ Collection,23/07/2009,Sierra,Activision,"Adventure,Point & Click,Classic",125,32,1499
Space Quest™ Collection,23/07/2009,Sierra,Activision,"Adventure,Point & Click,Classic",143,42,999
Aces of the Galaxy™,23/07/2009,Artech Studios,Activision,"Action,Casual,Space",14,16,699
TimeShift™,23/07/2009,Saber Interactive,Activision,"Action,FPS,Time Manipulation",623,159,999
3D Ultra™ Minigolf Adventures,23/07/2009,Wanako Games,Activision,"Sports,Mini Golf,Golf",50,28,699
Prototype™,12/06/2009,Radical Entertainment,Activision,"Action,Open World,Adventure",3702,904,1499
The Club™,20/02/2008,Bizarre Creations,SEGA,"Action,Third-Person Shooter,Arcade",47,50,999
Aliens vs. Predator™,16/02/2010,Rebellion,SEGA,"Action,FPS,Aliens",9448,1186,999
TrackMania Nations Forever,16/04/2008,Nadeo,Ubisoft,"Racing,Free to Play,Multiplayer",8252,1244,0
Grand Theft Auto III,04/01/2008,Rockstar Games,Rockstar Games,"Open World,Action,Classic",4718,750,599
Grand Theft Auto: Vice City,10/01/2011,Rockstar Games,Rockstar Games,"Open World,Action,1980s",9817,819,599
Grand Theft Auto: San Andreas,04/01/2008,Rockstar Games,Rockstar Games,"Open World,Action,Multiplayer",26877,3243,999
Manhunt,04/01/2008,Rockstar North,Rockstar Games,"Gore,Violent,Stealth",816,433,599
Max Payne,04/01/2008,Remedy Entertainment,Rockstar Games,"Noir,Action,Classic",3926,435,599
Max Payne 2: The Fall of Max Payne,04/01/2008,Remedy Entertainment,Rockstar Games,"Noir,Action,Third-Person Shooter",2506,172,599
Grand Theft Auto,04/01/2008,Rockstar North,Rockstar Games,"Action,Classic,Open World",199,30,0
Grand Theft Auto 2,04/01/2008,Rockstar North,Rockstar Games,"Action,Classic,Open World",184,17,0
Bully: Scholarship Edition,21/10/2008,Rockstar New England,Rockstar Games,"Open World,Action,Adventure",8504,1764,999
Grand Theft Auto IV,02/12/2008,"Rockstar North,Rockstar Toronto",Rockstar Games,"Open World,Action,Bowling",35240,18926,1999
Grand Theft Auto: Episodes from Liberty City,12/04/2010,Rockstar North / Toronto,Rockstar Games,"Open World,Action,Multiplayer",6401,2345,1499
Prince of Persia: Warrior Within™,27/08/2009,Ubisoft,Ubisoft,"Action,Adventure,Parkour",657,101,859
Far Cry®,01/04/2008,Crytek Studios,Ubisoft,"FPS,Action,Classic",3099,609,859
Prince of Persia: The Two Thrones™,27/08/2009,Ubisoft Montreal,Ubisoft,"Action,Adventure,Platformer",365,109,859
Tom Clancy's Rainbow Six® Vegas,09/04/2008,Ubisoft Montreal,Ubisoft,"Action,FPS,Tactical",371,106,859
Tom Clancy's Splinter Cell®,01/04/2008,Ubisoft,Ubisoft,"Stealth,Action,Third Person",900,147,429
Tom Clancy's Splinter Cell Chaos Theory®,27/08/2009,Ubisoft Montreal,Ubisoft,"Stealth,Action,Third Person",1777,140,859
Tom Clancy's Splinter Cell Double Agent®,13/02/2009,Ubisoft Montreal,Ubisoft,"Stealth,Action,Third Person",356,454,859
Prince of Persia®: The Sands of Time,27/08/2009,Kudosoft,Ubisoft,"Action,Adventure,Parkour",831,122,859
Tom Clancy's Ghost Recon® Desert Siege™,15/07/2008,Red Storm Entertainment,Ubisoft,"Action,FPS,Tactical",34,2,429
Tom Clancy's Rainbow Six Lockdown™,27/08/2009,Red Storm Entertainment,Ubisoft,"Action,FPS,Tactical",80,79,429
Rayman Raving Rabbids™,13/06/2008,"Ubisoft Bulgaria,Ubisoft Montpellier",Ubisoft,"Adventure,Action,Psychological Horror",239,80,429
Assassin's Creed™: Director's Cut Edition,09/04/2008,Ubisoft Montreal,Ubisoft,"Action,Adventure,Open World",5743,1162,859
Tom Clancy's Rainbow Six® Vegas 2,16/04/2008,Ubisoft Montreal,Ubisoft,"Action,Tactical,FPS",2582,456,859
Beyond Good and Evil™,13/05/2008,Ubisoft,Ubisoft,"Adventure,Female Protagonist,Action",1823,186,429
Petz® Horsez® 2,27/08/2009,Ubisoft,Ubisoft,"Simulation,Horses,Family Friendly",76,38,429
Heroes of Might & Magic V,13/05/2008,Nival,Ubisoft,"Strategy,Turn-Based Strategy,Fantasy",1258,183,859
Brothers in Arms: Road to Hill 30™,13/05/2008,Gearbox Software,Ubisoft,"Action,FPS,World War II",624,100,429
Silent Hunter®: Wolves of the Pacific,27/08/2009,Ubisoft Romania,Ubisoft,"Simulation,Submarine,World War II",234,128,859
Silent Hunter® III,13/06/2008,Ubisoft,Ubisoft,"Simulation,Naval,World War II",685,113,429
Silent Hunter®: Wolves of the Pacific U-Boat Missions,27/08/2009,Ubisoft Romania,Ubisoft,"Simulation,Submarine,World War II",70,24,429
Cold Fear™,13/05/2008,Darkworks,Ubisoft,"Horror,Action,Survival Horror",272,40,429
Tom Clancy's Ghost Recon®,15/07/2008,Red Storm Entertainment,Ubisoft,"Tactical,FPS,Action",536,45,859
Heroes of Might & Magic V: Tribes of the East,10/10/2008,Nival,Ubisoft,"Strategy,Turn-Based Strategy,Turn-Based",759,66,859
Heroes of Might & Magic V: Hammers of Fate,10/10/2008,Nival,Ubisoft,"Strategy,Turn-Based Strategy,Turn-Based",84,21,859
Brothers in Arms: Hell's Highway™,08/10/2008,Gearbox Software,Ubisoft,"Action,World War II,FPS",823,98,859
Crysis,17/09/2008,Crytek,Electronic Arts,"FPS,Action,Sci-fi",6075,1277,999
Crysis Warhead®,17/09/2008,Crytek,Electronic Arts,"Action,FPS,Sci-fi",1694,312,799
SPORE™,19/12/2008,Maxis™,Electronic Arts,"Simulation,Sandbox,Open World",15101,2014,1499
Mirror's Edge™,14/01/2009,DICE,Electronic Arts,"Parkour,First-Person,Action",17880,2341,999
Need for Speed Undercover,19/12/2008,EA Black Box,Electronic Arts,"Racing,Open World,Multiplayer",2351,1081,999
SPORE™ Creepy & Cute Parts Pack,19/12/2008,Maxis™,Electronic Arts,"Simulation,Adventure,Open World",481,100,999
Dragon Age: Origins,05/11/2009,BioWare,Electronic Arts,"RPG,Fantasy,Story Rich",6207,468,1499
Mass Effect,19/12/2008,BioWare,Electronic Arts,"RPG,Sci-fi,Story Rich",10107,666,799
Dead Space,09/01/2009,EA Redwood Shores,Electronic Arts,"Horror,Action,Sci-fi",9136,1049,1499
Command & Conquer: Red Alert 3,08/01/2009,EA Los Angeles,Electronic Arts,"Strategy,RTS,Base-Building",4390,855,999
DeathSpank,25/10/2010,Hothead Games,Electronic Arts,"RPG,Action,Indie",540,34,799
DeathSpank: Thongs of Virtue,30/11/2010,Hothead Games,Electronic Arts,"Action,RPG,Indie",125,18,799
Brothers in Arms: Earned in Blood™,10/10/2008,Gearbox Software,Ubisoft,"Action,FPS,World War II",303,53,429
Tom Clancy's Rainbow Six® 3 Gold,25/09/2008,"Red Storm Entertainment,Ubisoft Montreal",Ubisoft,"Tactical,FPS,Action",811,71,429
Far Cry® 2: Fortune's Edition,22/10/2008,Ubisoft Montreal,Ubisoft,"Open World,FPS,Action",5292,1739,859
Prince of Persia®,10/12/2008,Ubisoft Montreal,Ubisoft,"Action,Adventure,Platformer",948,266,859
Company of Heroes: Tales of Valor,08/04/2009,Relic Entertainment,SEGA,"Strategy,RTS,World War II",1337,101,999
Driver® Parallel Lines,13/02/2009,Ubisoft Reflections,Ubisoft,"Racing,Action,Open World",367,46,859
Tom Clancy's EndWar™,25/02/2009,Ubisoft  Shanghaï,Ubisoft,"Strategy,RTS,Tactical",276,108,859
Call of Juarez®: Bound in Blood,02/07/2009,Techland,Ubisoft,"Western,Action,FPS",1121,232,859
Rock of Ages,07/09/2011,ACE Team,SEGA,"Comedy,Indie,Strategy",2604,244,699
Worms Reloaded,26/08/2010,Team17 Digital Ltd,Team17 Digital Ltd,"Strategy,2D,Turn-Based",2478,430,1499
Alien Breed: Impact,03/06/2010,Team17 Software Ltd. ,Team17 Digital Ltd,"Action,Shooter,Sci-fi",776,307,699
Alien Breed 2: Assault,22/09/2010,Team17 Digital Ltd,Team17 Digital Ltd,"Action,Shooter,Isometric",478,226,699
Alien Breed 3: Descent,17/11/2010,Team17 Digital Ltd,Team17 Digital Ltd,"Action,Shooter,Third Person",242,90,699
Yosumin!™,26/05/2009,Square Enix,Square Enix,"Casual,Puzzle",102,64,399
Gyromancer,18/11/2009,"Square Enix,PopCap Games, Inc.",Square Enix,"RPG,Puzzle,Match 3",124,113,399
SPORE™ Galactic Adventures,26/06/2009,EA - Maxis,Electronic Arts,"Simulation,Action,Space",1943,453,999
Burnout Paradise: The Ultimate Box,12/03/2009,Criterion Games,Electronic Arts,"Racing,Open World,Multiplayer",9739,1487,999
Command & Conquer 3: Tiberium Wars,13/11/2009,EA Los Angeles,Electronic Arts,"Strategy,RTS,Base-Building",2292,295,999
Command & Conquer: Red Alert 3 - Uprising,06/10/2009,EA Los Angeles,Electronic Arts,"Strategy,RTS,Base-Building",1449,362,999
Command & Conquer 3: Kane's Wrath,13/11/2009,EA Los Angeles,Electronic Arts,"Strategy,RTS,Base-Building",1070,76,999
Medal of Honor: Airborne,06/10/2009,EA Los Angeles,Electronic Arts,"Action,World War II,FPS",1725,461,999
Need for Speed: Shift,06/10/2009,Slightly Mad Studios,Electronic Arts,"Racing,Simulation,Multiplayer",1101,415,999
Battlefield: Bad Company™ 2,02/03/2010,DICE,Electronic Arts,"FPS,Multiplayer,Action",23093,3877,1499
Mass Effect 2,28/01/2010,BioWare,Electronic Arts,"RPG,Sci-fi,Story Rich",10675,542,1999
Kane & Lynch 2: Dog Days,17/08/2010,IO Interactive,Square Enix,"Action,Co-op,Third-Person Shooter",2822,1919,799
Assassin's Creed 2 Deluxe Edition,04/03/2010,Ubisoft Montreal,Ubisoft,"Action,Open World,Adventure",14861,2639,859
Prince of Persia: The Forgotten Sands™,10/06/2010,Ubisoft Montreal,Ubisoft,"Action,Adventure,Platformer",511,263,859
Zeit²,12/01/2011,Brightside Games,Ubisoft,"Action,Indie,Shoot 'Em Up",26,7,859
From Dust,17/08/2011,Ubisoft Montpellier,Ubisoft,"God Game,Simulation,Adventure",1356,750,859
Alpha Protocol™,27/05/2010,Obsidian Entertainment,SEGA,"RPG,Stealth,Action",3113,785,999
Sonic & SEGA All-Stars Racing,03/03/2010,Sumo Digital,SEGA,"Racing,Local Multiplayer,Arcade",614,173,499
Order of War™,17/09/2009,Wargaming.net,Square Enix,"Strategy,World War II,RTS",270,98,599
Mini Ninjas,14/09/2009,IO Interactive,Square Enix,"Adventure,Action,Ninja",1612,270,799
Flora's Fruit Farm,01/10/2009,Honeyslug,Square Enix,"Casual,Agriculture",58,28,299
Lara Croft and the Guardian of Light,28/09/2010,Crystal Dynamics,Square Enix,"Action,Adventure,Co-op",2506,237,799
SEASON OF MYSTERY: The Cherry Blossom Murders,03/02/2010,SQUARE ENIX,Square Enix,"Casual,Hidden Object,Adventure",156,44,299
FINAL FANTASY VII,04/07/2013,Square Enix,Square Enix,"JRPG,RPG,Classic",11722,878,999
FINAL FANTASY VIII,05/12/2013,Square Enix,Square Enix,"JRPG,RPG,Classic",5323,682,999
Dungeon Siege,05/04/2011,Gas Powered Games,Square Enix,"RPG,Fantasy,Action RPG",1179,397,499
Dungeon Siege II,16/08/2005,Gas Powered Games,Square Enix,"RPG,Fantasy,Action RPG",813,343,499
FINAL FANTASY XIV Online,18/02/2014,Square Enix,Square Enix,"MMORPG,Massively Multiplayer,RPG",9808,2107,999
Supreme Commander 2,01/03/2010,Gas Powered Games,Square Enix,"Strategy,RTS,Sci-fi",5336,903,899
Serious Sam HD: The First Encounter,24/11/2009,Croteam,Devolver Digital,"FPS,Action,Co-op",3950,269,1099
Serious Sam 3: BFE,22/11/2011,Croteam,Devolver Digital,"FPS,Action,Co-op",15574,1977,2999
Singularity™,30/06/2010,Raven Software,Activision,"FPS,Action,Sci-fi",2766,227,1499
Call of Duty®: Black Ops,08/11/2010,Treyarch,Activision,"Action,FPS,Zombies",14201,1839,2999
Front Mission Evolved,07/10/2010,Double Helix Games,Square Enix,"Mechs,Action,Shooter",481,310,799
Command & Conquer 4: Tiberian Twilight,18/03/2010,EA Los Angeles,Electronic Arts,"Strategy,RTS,Multiplayer",378,1712,999
Dragon Age™: Origins Awakening,18/03/2010,BioWare,Electronic Arts,"RPG,Fantasy,Multiple Endings",92,7,999
Dead Space™ 2,27/01/2011,Visceral Games,Electronic Arts,"Horror,Action,Sci-fi",8943,493,1499
Medal of Honor™,12/10/2010,Electronic Arts,Electronic Arts,"FPS,Action,Shooter",3209,1370,1499
RISK™: Factions,08/03/2011,Stainless Games,Electronic Arts,"Strategy,Board Game,Multiplayer",405,214,799
Dragon Age: Origins - Ultimate Edition,29/10/2010,BioWare,Electronic Arts,"RPG,Fantasy,Story Rich",8808,726,1999
Need For Speed: Hot Pursuit,14/12/2010,Criterion Games,Electronic Arts,"Racing,Multiplayer,Open World",11405,2775,1499
The Sims™ 3,27/01/2011,The Sims Studio,Electronic Arts,"Simulation,Character Customization,Sandbox",11679,2493,2499
Shift 2 Unleashed,31/03/2011,Slightly Mad Studios,Electronic Arts,"Racing,Simulation,Driving",1071,629,1999
Silent Hunter 5®: Battle of the Atlantic,01/03/2010,Ubisoft Romania,Ubisoft,"Simulation,World War II,Naval",516,752,2599
Voodoo Dice,15/07/2010,Exkee,Ubisoft,"Casual,Puzzle",4,1,859
Assassin’s Creed® Brotherhood,17/03/2011,Ubisoft Montreal,Ubisoft,"Action,Adventure,Open World",6676,929,1249
Anno 2070™,17/11/2011,"Blue Byte,Related Designs",Ubisoft,"Strategy,City Builder,Simulation",5653,3686,1699
Warhammer 40000: Space Marine,08/09/2011,Relic,SEGA,"Warhammer 40K,Action,Third-Person Shooter",9847,998,1999
Might & Magic: Clash of Heroes,21/09/2011,Capybara Games,Ubisoft,"Strategy,Puzzle,RPG",1293,157,859
Worms Ultimate Mayhem,28/09/2011,Team17 Digital Ltd,Team17 Digital Ltd,"Strategy,Multiplayer,Funny",2188,323,1099
Worms Crazy Golf,19/10/2011,Team17 Digital Ltd,Team17 Digital Ltd,"Sports,Strategy,Golf",400,88,699
Worms,19/10/2011,Team17 Digital Ltd,Team17 Digital Ltd,"Strategy,Multiplayer,Turn-Based Strategy",319,53,499
Worms Blast,19/10/2011,Team17 Digital Ltd,Team17 Digital Ltd,"Casual,Strategy,Puzzle",102,101,559
Worms Pinball,19/10/2011,Team17 Digital Ltd,Team17 Digital Ltd,"Pinball,Casual,Arcade",140,184,559
Crazy Taxi,04/03/2011,SEGA,SEGA,"Racing,Action,Arcade",1240,273,559
SEGA Bass Fishing,04/03/2011,SEGA,SEGA,"Simulation,Sports,Fishing",325,62,559
Space Channel 5: Part 2,04/03/2011,SEGA,SEGA,"Rhythm,Action,Female Protagonist",687,89,559
Sonic Generations Collection,03/11/2011,Devil's Details,SEGA,"Platformer,Great Soundtrack,Action",6921,589,0
Renegade Ops,26/10/2011,Avalanche Studios,SEGA,"Action,Twin Stick Shooter,Top-Down",1773,297,999
Warp,21/03/2012,Trapdoor Inc.,Electronic Arts,"Action,Adventure,Indie",199,74,799
Crysis 2 - Maximum Edition,22/03/2011,Crytek Studios,Electronic Arts,"Action,FPS,Sci-fi",6724,1432,1999
L.A. Noire,08/11/2011,"Team Bondi,Rockstar Leeds",Rockstar Games,"Detective,Crime,Open World",14096,2315,1999
Prototype 2,26/07/2012,Radical Entertainment,Activision,"Action,Open World,Gore",5411,2244,1999
Quantum Conundrum,21/06/2012,Airtight Games,Square Enix,"Puzzle,First-Person,Comedy",1224,225,699
Worms Revolution,10/10/2012,Team17 Digital Ltd,Team17 Digital Ltd,"Strategy,Multiplayer,Funny",3922,686,1099
Serious Sam: The Random Encounter,24/10/2011,"Vlambeer,Croteam",Devolver Digital,"Action,Indie,RPG",330,310,399
Assassin's Creed® Revelations,30/11/2011,Ubisoft Montreal,Ubisoft,"Action,Open World,Parkour",5912,1055,1249
Scary Girl,09/04/2012,TikGames,Square Enix,"Action,Platformer,Female Protagonist",36,24,499
Call of Duty®: Black Ops II,12/11/2012,Treyarch,Activision,"Action,Multiplayer,FPS",25827,4658,3999
Sonic the Hedgehog 4 - Episode II,14/05/2012,SEGA,SEGA,"Adventure,Platformer,Co-op",663,206,599
Binary Domain,26/04/2012,Devil's Details,SEGA,"Action,Third-Person Shooter,Sci-fi",4416,742,999
Max Payne 3,31/05/2012,Rockstar Studios,Rockstar Games,"Action,Third-Person Shooter,Bullet Time",21581,4374,1499
Serious Sam 2,31/01/2012,Croteam,Devolver Digital,"Action,FPS,Co-op",5353,702,699
Rocksmith™,18/10/2012,Ubisoft - San Francisco,Ubisoft,"Music,Simulation,Education",869,80,2599
Hell Yeah! Wrath of the Dead Rabbit,03/10/2012,Arkedo,SEGA,"Platformer,Action,2D",2712,434,999
Jet Set Radio,19/09/2012,Blit Software,SEGA,"Great Soundtrack,Classic,Action",3398,631,559
Endless Space® - Collection,04/07/2012,AMPLITUDE Studios,SEGA,"Strategy,4X,Space",5708,1417,0
Call of Duty®: Ghosts,25/03/2014,Infinity Ward,Activision,"Dog,FPS,Action",14892,10757,3999
Call of Duty®: Advanced Warfare - Gold Edition,03/11/2014,"Sledgehammer Games,Raven Software",Activision,"Dog,FPS,Action",13389,8379,3999
Cloudberry Kingdom™,02/08/2013,Pwnee Studios,Ubisoft,"Indie,Platformer,Local Co-Op",174,17,859
Viking: Battle for Asgard,17/10/2012,Creative Assembly/PC Port - Hardlight,SEGA,"Action,Adventure,Hack and Slash",856,1013,999
Thief™ Gold,22/05/2012,Looking Glass Studios,Square Enix,"Stealth,Classic,First-Person",1649,148,499
Thief™ II: The Metal Age,22/05/2012,Looking Glass Studios,Square Enix,"Stealth,Classic,Steampunk",845,51,499
Conflict Desert Storm™,28/05/2012,Pivotal Games,Square Enix,"Action,Tactical,Third-Person Shooter",376,93,499
Tom Clancy's Ghost Recon: Future Soldier™,27/06/2012,"Ubisoft Paris,Red Storm Entertainment",Ubisoft,"Action,Stealth,Co-op",2178,1153,1249
Sonic Adventure 2,19/11/2012,SEGA,SEGA,"Action,Platformer,Great Soundtrack",4676,913,599
South Park™: The Stick of Truth™,06/03/2014,Obsidian Entertainment,Ubisoft,"RPG,Comedy,Adventure",35896,911,2599
I Am Alive,06/09/2012,Ubisoft  Shanghaï,Ubisoft,"Survival,Post-apocalyptic,Action",1361,701,1249
Total War™: ROME II - Emperor Edition,02/09/2013,CREATIVE ASSEMBLY,SEGA,"Strategy,Turn-Based Strategy,Historical",31864,13423,2999
Zeno Clash 2,30/04/2013,ACE Team,SEGA,"Action,Indie,Surreal",764,256,1099
Worms Armageddon,19/03/2013,Team17 Digital Ltd,Team17 Digital Ltd,"Strategy,Multiplayer,Classic",3517,231,1099
Hotline Miami,23/10/2012,Dennaton Games,Devolver Digital,"Great Soundtrack,Action,Violent",45809,1211,699
NiGHTS Into Dreams,17/12/2012,SEGA,SEGA,"Adventure,Classic,Great Soundtrack",553,79,559
Trials Evolution: Gold Edition,21/03/2013,"Redlynx Ltd,Ubisoft  Shanghaï",Ubisoft,"Racing,Action,Level Editor",1382,423,1699
Far Cry 3,28/11/2012,Ubisoft Montreal Massive Entertainment and Ubisoft Shanghai,Ubisoft,"Open World,FPS,Action",46331,5622,1699
Rocksmith® 2014 Edition - Remastered,04/10/2016,Ubisoft - San Francisco,Ubisoft,"Music,Education,Simulation",8228,789,2599
Legacy of Kain: Defiance,06/12/2012,Crystal Dynamics,Square Enix,"Action,Adventure,Story Rich",429,61,499
Legacy of Kain: Soul Reaver,06/12/2012,Crystal Dynamics,Square Enix,"Adventure,Action,Vampire",798,302,499
Legacy of Kain: Soul Reaver 2,06/12/2012,Crystal Dynamics,Square Enix,"Adventure,Action,Story Rich",288,107,499
Tomb Raider I,28/11/2012,Core Design,Square Enix,"Adventure,Action,Classic",1700,374,499
Tomb Raider IV: The Last Revelation,28/11/2012,Core Design,Square Enix,"Adventure,Action,Female Protagonist",422,64,499
Tomb Raider V: Chronicles,28/11/2012,Core Design,Square Enix,"Adventure,Action,Female Protagonist",232,77,499
Tomb Raider VI: The Angel of Darkness,28/11/2012,Core Design,Square Enix,"Action,Adventure,Lara Croft",349,262,499
Shadow Warrior Classic Redux,08/07/2013,General Arcade,Devolver Digital,"FPS,Classic,Action",1789,151,699
Tomb Raider II,28/11/2012,Core Design,Square Enix,"Adventure,Action,Female Protagonist",805,115,499
Tomb Raider III,28/11/2012,Core Design,Square Enix,"Adventure,Action,Female Protagonist",468,97,499
Just Cause™ 3,30/11/2015,Avalanche Studios,Square Enix,"Open World,Action,Destruction",37747,14024,1199
Serious Sam Classics: Revolution,30/04/2014,"Croteam,Alligator Pit",Devolver Digital,"Early Access,Action,FPS",1339,165,799
Company of Heroes,11/09/2006,Relic Entertainment,SEGA,"Strategy,World War II,RTS",2526,287,0
TrackMania² Canyon,27/02/2013,Nadeo,Ubisoft,"Racing,Multiplayer,Level Editor",1065,259,1699
Dungeon Hearts,28/03/2013,Cube Roots,Devolver Digital,"Casual,Indie,Strategy",319,178,199
A Fistful of Gun,23/09/2015,FarmerGnome,Devolver Digital,"Action,Indie,Western",284,136,999
ShootMania Storm,10/04/2013,Nadeo,Ubisoft,"Action,FPS,Multiplayer",648,101,1699
TrackMania² Stadium,20/06/2013,Nadeo,Ubisoft,"Racing,Multiplayer,Level Editor",2915,571,859
Shadow Warrior,26/09/2013,Flying Wild Hog,Devolver Digital,"Action,FPS,Swordplay",18716,1426,2999
LUFTRAUSERS,18/03/2014,Vlambeer,Devolver Digital,"Indie,Arcade,Action",3180,302,699
Far Cry 3 - Blood Dragon,01/05/2013,Ubisoft Montreal,Ubisoft,"FPS,1980s,Comedy",9282,1257,1249
Murdered: Soul Suspect,05/06/2014,Airtight Games,Square Enix,"Detective,Adventure,Horror",8658,1647,1999
Worms Clan Wars,15/08/2013,Team17 Digital Ltd,Team17 Digital Ltd,"Strategy,Multiplayer,Turn-Based",1730,556,1899
Castlevania: Lords of Shadow – Ultimate Edition,27/08/2013,MercurySteam - Climax Studios,Konami Digital Entertainment,"Action,Adventure,Hack and Slash",3827,953,1999
METAL GEAR RISING: REVENGEANCE,09/01/2014,PlatinumGames,Konami Digital Entertainment,"Great Soundtrack,Action,Hack and Slash",13722,1157,1999
Tom Clancy’s Splinter Cell Blacklist,23/08/2013,Ubisoft Toronto,Ubisoft,"Stealth,Action,Co-op",10016,1982,1699
Might & Magic X - Legacy,23/01/2014,Ubisoft,Ubisoft,"RPG,Turn-Based,Fantasy",1571,780,2099
FINAL FANTASY III,27/05/2014,Square Enix,Square Enix,"JRPG,RPG,Turn-Based",1029,250,1099
Castlevania: Lords of Shadow 2,25/02/2014,MercurySteam,Konami Digital Entertainment,"Action,Adventure,Vampire",2390,479,2499
The Crew™,19/12/2014,Ivory Tower in collaboration with Ubisoft Reflections,Ubisoft,"Racing,Open World,Multiplayer",9479,4636,2599
Assassin’s Creed® IV Black Flag™,19/11/2013,Ubisoft Montreal,Ubisoft,"Pirates,Open World,Action",23904,3362,1699
Omikron: The Nomad Soul,26/09/2013,Quantic Dream,Square Enix,"RPG,Cyberpunk,Great Soundtrack",234,97,699
TrackMania² Valley,04/07/2013,Nadeo,Ubisoft,"Racing,Sports,Multiplayer",282,80,1699
Watch_Dogs™,26/05/2014,Ubisoft,Ubisoft,"Open World,Hacking,Action",15159,7383,2599
Foul Play,18/09/2013,"Mediatonic:The Irregular Corporation",Devolver Digital,"Beat 'em up,Action,Indie",493,107,999
Trials Fusion™,24/04/2014,RedLynx in collaboration with  Ubisoft Shanghai and Ubisoft Kiev,Ubisoft,"Racing,Multiplayer,Singleplayer",1141,615,1699
The Typing of The Dead: Overkill,29/10/2013,Modern Dream,SEGA,"Typing,On-Rails Shooter,Zombies",2280,347,1499
Dungeon of the Endless™,27/10/2014,AMPLITUDE Studios,SEGA,"Rogue-like,Strategy,Tower Defense",7423,1046,899
Abyss Odyssey,15/07/2014,ACE Team,SEGA,"Action,Platformer,Indie",1349,816,1099
Child of Light,29/04/2014,Ubisoft Montréal,Ubisoft,"RPG,Fantasy,Great Soundtrack",9980,747,1249
Deus Ex: The Fall,17/03/2014,Square Enix,Square Enix,"Cyberpunk,RPG,Action",990,2101,799
Citizens of Earth,20/01/2015,Eden Industries,SEGA,"RPG,Comedy,Turn-Based",241,69,999
Just Cause 2: Multiplayer Mod,16/12/2013,Avalanche Studios,Square Enix,"Open World,Multiplayer,Action",12261,1099,0
Marc Eckō's Getting Up: Contents Under Pressure,13/12/2013,"The Collective General Arcade",Devolver Digital,"Action,Adventure,Parkour",778,71,1199
Assassin’s Creed® Liberation HD,15/01/2014,Ubisoft Sofia,Ubisoft,"Action,Open World,Female Protagonist",952,698,1699
Valiant Hearts: The Great War™ / Soldats Inconnus : Mémoires de la Grande Guerre™,25/06/2014,Ubisoft Montpellier,Ubisoft,"Atmospheric,Historical,World War I",15650,709,1249
Flockers™,19/09/2014,Team17 Digital Ltd,Team17 Digital Ltd,"Lemmings,Indie,Strategy",122,39,1499
Tesla Effect: A Tex Murphy Adventure,08/05/2014,Big Finish Games,SEGA,"Adventure,FMV,Detective",865,121,1499
Rollers of the Realm,18/11/2014,Phantom Compass,SEGA,"Pinball,RPG,Puzzle",442,48,699
Worms World Party Remastered,16/07/2015,Team17 Digital Ltd,Team17 Digital Ltd,"Strategy,Action,Indie",329,304,1099
Grand Theft Auto V,13/04/2015,Rockstar North,Rockstar Games,"Open World,Action,Multiplayer",329061,139308,2499
Light,14/07/2014,Just A Pixel Ltd.,Team17 Digital Ltd,"Indie,Action,Strategy",192,138,999
Serious Sam's Bogus Detour,20/06/2017,"Crackshell/Croteam",Devolver Digital,"Action,Indie,Gore",223,39,1099
Hotline Miami 2: Wrong Number,10/03/2015,Dennaton Games,Devolver Digital,"Great Soundtrack,Gore,Pixel Graphics",21838,1933,1199
Broforce,15/10/2015,Free Lives,Devolver Digital,"America,Action,Pixel Graphics",31033,1059,1199
RONIN,30/06/2015,Tomasz Wacławek,Devolver Digital,"Indie,Action,Turn-Based",1159,519,999
OlliOlli,22/07/2014,"Roll7,General Arcade",Devolver Digital,"Skateboarding,Indie,Sports",596,156,999
NOT A HERO,14/05/2015,Roll7,Devolver Digital,"Action,Indie,Pixel Graphics",1527,221,999
Gods Will Be Watching,24/07/2014,Deconstructeam,Devolver Digital,"Indie,Pixel Graphics,Point & Click",1630,659,699
Always Sometimes Monsters,21/05/2014,Vagabond Dog,Devolver Digital,"RPGMaker,Indie,RPG",1684,550,699
Dropsy,10/09/2015,"Tendershoot,A Jolly Corpse",Devolver Digital,"Adventure,Point & Click,Indie",1158,80,699
Warhammer 40000: Kill Team,22/05/2014,Nomad Games,SEGA,"Action,Warhammer 40K,Local Co-Op",466,389,699
Assassin's Creed Freedom Cry,25/02/2014,Ubisoft Montreal,Ubisoft,"Action,Adventure,Assassin",853,293,1249
LA Cops,13/03/2015,Modern Dream,Team17 Digital Ltd,"Action,Strategy,Indie",81,64,1099
Castlevania: Lords of Shadow – Mirror of Fate HD,27/03/2014,MercurySteam,Konami Digital Entertainment,"Action,Adventure,Metroidvania",836,186,999
METAL GEAR SOLID V: THE PHANTOM PAIN,01/09/2015,Konami Digital Entertainment,Konami Digital Entertainment,"Stealth,Open World,Story Rich",38643,4954,2499
Endless Legend™,18/09/2014,AMPLITUDE Studios,SEGA,"Strategy,Turn-Based,4X",10015,2107,2299
Assassin's Creed® Unity,19/12/2014,Ubisoft,Ubisoft,"Open World,Parkour,Assassin",12350,7354,2599
LARA CROFT AND THE TEMPLE OF OSIRIS™,08/12/2014,Crystal Dynamics,Square Enix,"Adventure,Co-op,Action",696,538,1499
Brawlhalla,17/10/2017,Blue Mammoth Games,Ubisoft,"Free to Play,Multiplayer,Fighting",73268,14489,0
FINAL FANTASY® XIII,09/10/2014,Square Enix,Square Enix,"JRPG,Linear,RPG",7016,2769,1099
FINAL FANTASY® XIII-2,11/12/2014,Square Enix,Square Enix,"JRPG,RPG,Fantasy",1843,1199,1299
Call of Duty®: Infinite Warfare,03/11/2016,Infinity Ward,Activision,"Action,FPS,Multiplayer",7821,10570,3999
Valkyria Chronicles™,11/11/2014,SEGA,SEGA,"Anime,Strategy,Turn-Based",8862,838,1499
Schrödinger’s Cat And The Raiders Of The Lost Quark,23/09/2014,Italic Pig,Team17 Digital Ltd,"Action,Adventure,Platformer",84,39,699
Cosmic DJ,30/10/2014,Gl33k,Devolver Digital,"Casual,Indie,Music",920,127,199
Heavy Bullets,18/09/2014,Terri Vellmann,Devolver Digital,"Indie,Action,FPS",951,185,699
Titan Souls,14/04/2015,Acid Nerve,Devolver Digital,"Pixel Graphics,Difficult,Adventure",3556,981,1099
Overruled!,15/09/2015,Dlala Studios,Team17 Digital Ltd,"Action,Indie,Multiplayer",33,24,999
Far Cry® 4,01/12/2014,Ubisoft Montreal/Red Storm/Shanghai/Toronto/Kiev,Ubisoft,"Open World,Action,FPS",17082,4740,2599
The Escapists,13/02/2015,Mouldy Toof Studios,Team17 Digital Ltd,"Pixel Graphics,Strategy,Crafting",11629,1432,1299
Total War Battles: KINGDOM,09/04/2015,CREATIVE ASSEMBLY,SEGA,"Strategy,Free to Play,Medieval",1692,1646,0
Eastside Hockey Manager,01/12/2015,Sports Interactive,SEGA,"Hockey,Sports,Simulation",723,137,1499
FOR HONOR™,13/02/2017,"Ubisoft Montreal,Ubisoft Quebec,Ubisoft Toronto,Blue Byte",Ubisoft,"Medieval,Action,Swordplay",34790,25920,1249
Penarium,22/09/2015,Self Made Miracle,Team17 Digital Ltd,"Indie,Action,Platformer",248,48,699
Black The Fall,11/07/2017,Sand Sailor Studio,Square Enix,"Indie,Adventure,Action",623,190,1099
Hatoful Boyfriend,04/09/2014,"Mediatonic,Hato Moa,The Irregular Corporation",Devolver Digital,"Visual Novel,Anime,Dating Sim",5235,328,699
METAL GEAR SOLID V: GROUND ZEROES,18/12/2014,Kojima Productions,Konami Digital Entertainment,"Stealth,Action,Short",7953,1692,1699
Assassin’s Creed® Rogue,09/03/2015,"Ubisoft Sofia,Ubisoft Kiev",Ubisoft,"Open World,Assassin,Action",4303,992,1699
Enter the Gungeon,05/04/2016,Dodge Roll,Devolver Digital,"Bullet Hell,Pixel Graphics,Rogue-like",24947,1573,1099
FINAL FANTASY IV,17/09/2014,"Square Enix,DotEmu SAS.",Square Enix,"RPG,JRPG,Fantasy",877,183,1099
The Expendabros,05/08/2014,Free Lives,Devolver Digital,"Free to Play,Action,Multiplayer",15084,425,0
Sigils of Elohim,13/10/2014,Croteam,Devolver Digital,"Free to Play,Casual,Puzzle",828,71,0
Might & Magic® Heroes® VII,29/09/2015,Limbic Entertainment,Ubisoft,"Strategy,Turn-Based Strategy,RPG",1438,1665,3399
Grow Home,04/02/2015,Reflections a Ubisoft Studio,Ubisoft,"Open World,Adventure,Singleplayer",3855,382,669
Boundless,11/09/2018,Wonderstruck,Square Enix,"Sandbox,Massively Multiplayer,Open World",1153,486,3299
Shadow Warrior 2,13/10/2016,Flying Wild Hog,Devolver Digital,"Action,Gore,FPS",10152,1406,3499
Total War: ATTILA,17/02/2015,CREATIVE ASSEMBLY,SEGA,"Strategy,Historical,War",12297,4469,2999
Worms W.M.D,23/08/2016,Team17 Digital Ltd,Team17 Digital Ltd,"Strategy,Multiplayer,Action",2132,528,1999
Sonic Lost World,02/11/2015,Sonic Team,SEGA,"Adventure,Platformer,3D Platformer",1000,612,1999
Noct,21/10/2015,C3SK,Devolver Digital,"Early Access,Indie,Action",317,208,699
Crossing Souls,13/02/2018,Fourattic,Devolver Digital,"Adventure,Indie,Action",610,132,1099
Yoku's Island Express,29/05/2018,Villa Gorilla,Team17 Digital Ltd,"Adventure,Pinball,Indie",562,20,1599
Might & Magic Heroes Online,24/11/2015,Blue Byte,Ubisoft,"Free to Play,Strategy,Massively Multiplayer",276,417,0
Fork Parker's Holiday Profit Hike,18/12/2014,Dodge Roll,Devolver Digital,"Free to Play,Platformer,Action",510,107,0
ZOMBI,18/08/2015,Straight Right,Ubisoft,"Zombies,Survival,Action",1066,576,1699
FINAL FANTASY TYPE-0™ HD,18/08/2015,Square Enix,Square Enix,"RPG,JRPG,Action",1447,956,1999
TEMBO THE BADASS ELEPHANT,21/07/2015,Game Freak,SEGA,"Adventure,Action,Platformer",325,110,999
SHOGUN: Total War™ - Collection,25/06/2015,CREATIVE ASSEMBLY,SEGA,"Strategy,Action,Historical",204,55,699
Medieval: Total War™ - Collection,25/06/2015,CREATIVE ASSEMBLY,SEGA,"Strategy,Action,Medieval",437,216,699
LIGHTNING RETURNS™: FINAL FANTASY® XIII,10/12/2015,Square Enix,Square Enix,"RPG,JRPG,Female Protagonist",2135,527,1299
FINAL FANTASY IV: THE AFTER YEARS,11/05/2015,Square Enix,Square Enix,"RPG,JRPG,Singleplayer",160,96,1099
The Deadly Tower of Monsters,19/01/2016,ACE Team,SEGA,"Action,Adventure,Indie",912,122,1099
The Settlers Online,19/08/2015,Blue Byte,Ubisoft,"Free to Play,City Builder,Strategy",332,586,0
Sheltered,15/03/2016,"Unicube,Team 17 Digital Ltd",Team17 Digital Ltd,"Survival,Post-apocalyptic,Base-Building",2998,818,999
Beyond Eyes,11/08/2015,"Tiger and Squid,Team17 Digital Ltd",Team17 Digital Ltd,"Indie,Walking Simulator,Female Protagonist",683,314,999
Tom Clancy's Rainbow Six® Siege,01/12/2015,Ubisoft Montreal,Ubisoft,"FPS,Multiplayer,Tactical",251178,59620,1699
FINAL FANTASY X/X-2 HD Remaster,12/05/2016,Square Enix,Square Enix,"JRPG,Story Rich,RPG",6334,723,1999
Downwell,15/10/2015,Moppin,Devolver Digital,"Platformer,Indie,Action",4486,149,199
Yooka-Laylee,11/04/2017,Playtonic Games,Team17 Digital Ltd,"3D Platformer,Adventure,Kickstarter",2434,791,3499
Mother Russia Bleeds,05/09/2016,Le Cartel Studio,Devolver Digital,"Gore,Violent,Beat 'em up",2562,422,1099
Tom Clancy’s The Division™,07/03/2016,Massive Entertainment,Ubisoft,"Open World,Multiplayer,Third-Person Shooter",49832,25607,4199
OlliOlli2: Welcome to Olliwood,11/08/2015,Roll7,Devolver Digital,"Skateboarding,Indie,Sports",338,65,1099
Assassin's Creed® Syndicate,18/11/2015,Ubisoft Quebec,Ubisoft,"Assassin,Open World,Action",7203,2391,3399
Far Cry® Primal,29/02/2016,Ubisoft,Ubisoft,"Open World,Survival,Action",8428,2633,4199
Champions of Anteria™,30/08/2016,Blue Byte,Ubisoft,"Strategy,RPG,City Builder",65,69,2599
Trackmania® Turbo,24/03/2016,Nadeo,Ubisoft,"Racing,Level Editor,Arcade",742,441,3399
Anno 2205™,02/11/2015,Blue Byte,Ubisoft,"Strategy,City Builder,Simulation",2141,1245,3399
Hatoful Boyfriend: Holiday Star,15/12/2015,"Mediatonic,The Irregular Corporation",Devolver Digital,"Indie,Visual Novel,Adventure",304,22,699
FINAL FANTASY IX,14/04/2016,Square Enix,Square Enix,"JRPG,Great Soundtrack,Story Rich",3875,325,1599
FINAL FANTASY V,24/09/2015,Square Enix,Square Enix,"RPG,JRPG,Class-Based",489,198,1099
FINAL FANTASY VI,16/12/2015,Square Enix,Square Enix,"RPG,JRPG,Story Rich",884,259,1099
Raging Justice,08/05/2018,MakinGames Ltd,Team17 Digital Ltd,"Indie,Action,Violent",26,12,999
The Escapists: The Walking Dead,30/09/2015,Team17 Digital Ltd,Team17 Digital Ltd,"Zombies,Survival,Indie",360,218,1299
Endless Space® 2,18/05/2017,AMPLITUDE Studios,SEGA,"Strategy,Space,Sci-fi",8161,1986,3499
Call of Duty®: Modern Warfare® Remastered,27/07/2017,"Raven Software,Beenox",Activision,"FPS,Action,Multiplayer",1148,1112,3499
Okhlos: Omega,18/08/2016,Coffee Powered Machine,Devolver Digital,"Action,Indie,Strategy",528,134,999
Dangerous Golf,02/06/2016,Three Fields Entertainment,Team17 Digital Ltd,"Sports,Action,Indie",251,305,1499
Eagle Flight,20/12/2016,Ubisoft Montreal Studio,Ubisoft,"Simulation,Action,VR",160,83,1699
DRAGON QUEST HEROES™ Slime Edition,03/12/2015,KOEI TECMO GAMES CO.LTD.,Square Enix,"Action,Hack and Slash,JRPG",698,327,2499
Motorsport Manager,09/11/2016,Playsport Games,SEGA,"Management,Racing,Simulation",4278,488,2499
OmniBus,26/05/2016,Buddy CopsLLC,Devolver Digital,"Indie,Racing,Action",195,48,699
Block'hood,10/05/2017,Plethora-Project LLC,Devolver Digital,"City Builder,Simulation,Strategy",707,248,1099
Goetia,14/04/2016,Sushee,Square Enix,"Adventure,Indie,Point & Click",223,51,999
Grow Up,16/08/2016,Reflections a Ubisoft Studio,Ubisoft,"Adventure,Open World,Casual",941,118,859
Hitman GO: Definitive Edition,23/02/2016,Square Enix Montréal,Square Enix,"Strategy,Turn-Based,Puzzle",782,152,649
Golf With Your Friends,29/01/2016,Blacklight Interactive,Team17 Digital Ltd,"Early Access,Mini Golf,Multiplayer",15946,1723,479
Rock of Ages 2: Bigger & Boulder™,28/08/2017,ACE Team,SEGA,"Strategy,Action,Comedy",1423,348,1099
Octahedron: Transfixed Edition,20/03/2018,Demimonde,Square Enix ,"Indie,Platformer,Great Soundtrack",62,2,999
Trials of the Blood Dragon,13/06/2016,"Redlynx,Ubisoft Kiev",Ubisoft,"Racing,Retro,Platformer",96,50,1249
Children of Zodiarcs,18/07/2017,Cardboard Utopia,Square Enix,"RPG,Indie,Strategy",210,77,1359
I am Setsuna,19/07/2016,Tokyo RPG Factory,Square Enix,"JRPG,RPG,Turn-Based Combat",848,310,2999
STRAFE: Millennium Edition,09/05/2017,Pixel Titans,Devolver Digital,"Gore,FPS,Indie",1235,487,1139
Might and Magic: Heroes VII – Trial by Fire,04/08/2016,Limbic Entertainment,Ubisoft,"Strategy,RPG,Turn-Based",159,151,2599
Just Dance 2017,27/10/2016,"Ubisoft Paris,Ubisoft Pune",Ubisoft,"Music,Multiplayer,Casual",1182,246,4199
Watch_Dogs® 2,28/11/2016,Ubisoft,Ubisoft,"Illuminati,Open World,Hacking",20905,5366,4999
APE OUT,28/02/2019,"Gabe Cuzzillo,Bennett Foddy,Matt Boch",Devolver Digital,"Indie,Action,Violent",259,21,1099
Overcooked,03/08/2016,Ghost Town Games Ltd.,Team17 Digital Ltd,"Local Co-Op,Local Multiplayer,Co-op",6653,650,1299
The Lab,05/04/2016,Valve,Valve,"Free to Play,VR,Action",2926,145,0
Bayonetta,11/04/2017,PlatinumGames,SEGA,"Action,Female Protagonist,Hack and Slash",8866,843,1499
Vanquish,25/05/2017,"PlatinumGames,Little Stone Software",SEGA,"Action,Sci-fi,Third-Person Shooter",2360,327,1499
Steep™,02/12/2016,"Ubisoft Annecy,Ubisoft Montpellier,Ubisoft Kiev",Ubisoft,"Sports,Open World,Multiplayer",7802,2603,2599
Tom Clancy's Ghost Recon® Wildlands,06/03/2017,"Ubisoft Paris,Ubisoft Annecy,Ubisoft Bucharest,Ubisoft Montpellier,Ubisoft Milan,Reflections,Ubisoft Belgrade",Ubisoft,"Open World,Shooter,Action",26547,9944,4199
Katana ZERO,18/04/2019,Askiisoft,Devolver Digital,"Action,Pixel Graphics,Indie",1848,44,1139
RUINER,26/09/2017,Reikon Games,Devolver Digital,"Cyberpunk,Action,Great Soundtrack",5278,543,1499
Genital Jousting,18/01/2018,Free Lives,Devolver Digital,"Sexual Content,Nudity,Comedy",4826,468,519
HELP: THE GAME,26/07/2016,"Sports Interactive,Creative Assembly,Rovio,Torn Banner,Team 17,Sumo Digital,Bossa,Curve Digital,Hardlight,Spilt Milk Studios Ltd,Modern Dream",SEGA,Indie,10,0,999
Absolver,29/08/2017,Sloclap,Devolver Digital,"Fighting,Action,Martial Arts",6395,3283,2499
Reigns,11/08/2016,Nerial,Devolver Digital,"Choices Matter,Indie,Medieval",4939,579,199
Call of Duty®: WWII,02/11/2017,"Sledgehammer Games,Raven Software",Activision,"World War II,FPS,Multiplayer",10753,8288,4499
10 Minute Tower,26/07/2016,Team17 Digital Ltd,SEGA,Indie,1,2,999
Emily: Displaced,26/07/2016,Bossa Studios,SEGA,"Adventure,Indie,Visual Novel",5,0,999
Aven Colony,25/07/2017,Mothership Entertainment LLC,Team17 Digital Ltd,"Strategy,City Builder,Simulation",661,241,2499
PLANET ALPHA,04/09/2018,Planet Alpha ApS,Team17 Digital Ltd,"Adventure,Action,Indie",172,44,1599
South Park™: The Fractured But Whole™,16/10/2017,Ubisoft San Francisco,Ubisoft,"RPG,Comedy,Dark Humor",4840,2017,4999
Werewolves Within™,06/12/2016,Ubisoft,Ubisoft,"Casual,Strategy,RPG",75,31,1699
BlockAid,26/07/2016,SEGA Hardlight™,SEGA,"Casual,Strategy,Indie",4,1,999
BATTALION 1944,01/02/2018,Bulkhead Interactive,Square Enix,"Early Access,FPS,World War II",3869,3623,1599
Malkia,26/07/2016,Sports interactive,SEGA,Indie,1,0,999
Anthelion,26/07/2016,Rovio,SEGA,Action,3,2,999
Splash Bash,26/07/2016,Rovio,SEGA,Indie,0,1,999
Police Quest™ Collection,29/08/2016,Sierra,Activision,"Adventure,Point & Click,Classic",32,15,799
Captain Curve's Intergalactic Space Adventure,26/07/2016,CDP,SEGA,Indie,1,0,999
Gabriel Knight: Sins of the Father®,29/08/2016,Sierra On-Line,Activision,"Adventure,Point & Click,Mystery",41,8,499
The Beast Within: A Gabriel Knight® Mystery,29/08/2016,Sierra On-Line,Activision,"Adventure,FMV,Mystery",50,6,499
Gabriel Knight® 3: Blood of the Sacred Blood of the Damned,29/08/2016,Sierra On-Line,Activision,"Adventure,Mystery,Point & Click",15,16,499
The Turing Test,30/08/2016,Bulkhead Interactive,Square Enix,"Puzzle,First-Person,Space",3012,486,1499
Arcanum: Of Steamworks and Magick Obscura,29/08/2016,Troika Games,Activision,"RPG,Steampunk,Story Rich",522,76,499
Phantasmagoria 2: A Puzzle of Flesh,29/08/2016,Sierra,Activision,"Adventure,FMV,Horror",60,16,499
Phantasmagoria,29/08/2016,Sierra,Activision,"Adventure,FMV,Horror",127,22,799
Quest for Glory 1-5,29/08/2016,Sierra,Activision,"Adventure,1990's,1980s",141,11,799
SCUM,29/08/2018,"Gamepires,Croteam",Devolver Digital,"Early Access,Survival,Open World",15934,8556,1549
Just Cause 4,04/12/2018,Avalanche Studios,Square Enix,"Action,Open World,Destruction",2075,3780,4499
Caesar™ 3,29/08/2016,Impressions Games,Activision,"Strategy,Simulation,City Builder",315,50,499
Caesar™ IV,29/08/2016,Tilted Mill Entertainment Inc.,Activision,"Strategy,Simulation,City Builder",115,96,799
Oh My Godheads,05/12/2017,Titutitech,Square Enix,"Action,4 Player Local,Local Co-Op",10,2,1099
NieR:Automata™,17/03/2017,"Square Enix,PlatinumGames Inc.",Square Enix,"Great Soundtrack,Story Rich,Female Protagonist",39387,9414,2999
LOST SPHEAR,23/01/2018,Tokyo RPG Factory,Square Enix,"RPG,JRPG,Turn-Based",67,40,3499
Deus Ex: Mankind Divided™ - VR Experience,24/01/2017,Eidos Montreal,Square Enix,"Action,RPG,VR",116,112,0
Star Trek™: Bridge Crew,30/05/2017,Ubisoft,Ubisoft,"Simulation,VR,RPG",1219,279,3399
Life is Strange 2,26/09/2018,DONTNOD Entertainment,Square Enix,"Choices Matter,Story Rich,Adventure",4749,950,649
Lethal VR,08/11/2016,Three Fields Entertainment,Team17 Digital Ltd,"Action,Simulation,VR",97,14,999
Two Point Hospital,29/08/2018,Two Point Studios,SEGA,"Simulation,Management,Building",6432,1264,2499
MOBIUS FINAL FANTASY™,05/02/2017,Square Enix,Square Enix,"Free to Play,RPG,Fantasy",2456,1082,0
Lara Croft GO,04/12/2016,Square Enix Montréal,Square Enix,"Adventure,Puzzle,Lara Croft",1170,154,799
Forgotton Anne,15/05/2018,ThroughLine Games,Square Enix,"Adventure,Indie,Platformer",451,36,1549
METAL GEAR SURVIVE,21/02/2018,Konami Digital Entertainment,Konami Digital Entertainment,"Memes,Survival,Action",2213,1232,3499
Puyo Puyo™Tetris®,27/02/2018,"Sonic Team,Bitbaboon",SEGA,"Puzzle,Casual,Competitive",1610,379,1499
Far Cry® 5,26/03/2018,"Ubisoft Montreal,Red Storm,Ubisoft Shanghai,Ubisoft Toronto,Ubisoft Kiev",Ubisoft,"Open World,Action,FPS",23373,11081,4999
WORLD OF FINAL FANTASY®,21/11/2017,Square Enix,Square Enix,"RPG,JRPG,Fantasy",1136,287,1849
Deus Ex: Breach™,24/01/2017,Eidos Montreal,Square Enix,"Action,RPG,Violent",92,123,0
Stories Untold,27/02/2017,No Code,Devolver Digital,"Adventure,Horror,Atmospheric",2196,302,699
Vampire: The Masquerade - Redemption,18/04/2017,Nihilistic Software,Activision,"RPG,Violent,Vampire",165,30,479
Police Quest: SWAT,15/12/2016,Yosemite Entertainment,Activision,"Strategy,Action,Simulation",11,12,479
SWAT 3: Tactical Game of the Year Edition,18/04/2017,Sierra,Activision,"Simulation,Action,Violent",71,53,699
MONOPOLY® PLUS,07/09/2017,Ubisoft Pune,Ubisoft,"Casual,Multiplayer,Board Game",528,719,1249
Pharaoh + Cleopatra,15/12/2016,Impressions Games,Activision,"Strategy,City Builder,Simulation",399,75,699
Return to Krondor,15/12/2016,PyroTechnix,Activision,"RPG,Fantasy,Classic",11,14,479
Zeus + Poseidon,15/12/2016,Impressions Games,Activision,"Strategy,City Builder,Classic",274,27,699
Spycraft: The Great Game,18/04/2017,Activision,Activision,"Adventure,FMV",6,1,479
Zork Anthology,18/04/2017,Infocom,Activision,"Adventure,Classic,Text-Based",10,3,479
Zork: Grand Inquisitor,18/04/2017,Activision,Activision,"Adventure,Point & Click",14,0,479
Zork Nemesis: The Forbidden Lands,18/04/2017,Zombie Studios,Activision,"Adventure,Nudity,Violent",8,2,479
Call to Power II,18/04/2017,Activision,Activision,"Strategy,Turn-Based Strategy",10,14,479
Golf for Workgroups,06/04/2017,Cryptic Sea,Devolver Digital,"Early Access,Simulation,Sports",47,6,399
Pikuniku,24/01/2019,"Arnaud De Bock,Rémi Forcadell,Alan Zucconi,Calum Bowen",Devolver Digital,"Indie,Casual,Action",244,17,1029
DRAGON QUEST HEROES™ II,25/04/2017,"Square Enix,KOEI TECMO GAMES CO., LTD.",Square Enix,"RPG,Action,JRPG",398,169,3999
I Hate Running Backwards,22/05/2018,"Binx Interactive,Croteam Incubator,Croteam",Devolver Digital,"Action,Indie,Difficult",94,12,1099
GORN,10/07/2017,Free Lives,Devolver Digital,"Early Access,Violent,VR",3357,124,1499
Assassin's Creed® Origins,26/10/2017,Ubisoft Montreal,Ubisoft,"Open World,Assassin,Action",31644,6007,4999
Artifact,28/11/2018,Valve,Valve,"Card Game,Trading Card Game,Strategy",9937,10501,1599
Sonic Mania,29/08/2017,"Christian Whitehead,Headcannon,PagodaWest Games",SEGA,"Great Soundtrack,2D,Platformer",8669,984,1499
Return to Zork,18/04/2017,Activision,Activision,"Adventure,FMV",11,0,479
The Red Strings Club,22/01/2018,Deconstructeam,Devolver Digital,"Cyberpunk,Pixel Graphics,Story Rich",2688,221,1139
FINAL FANTASY XII THE ZODIAC AGE,01/02/2018,Square Enix,Square Enix,"RPG,JRPG,Fantasy",1706,277,3499
Trackmania² Lagoon,23/05/2017,Nadeo,Ubisoft,"Racing,Sports,Multiplayer",116,75,1699
Yu-Gi-Oh! Duel Links,16/11/2017,Konami Digital Entertainment,Konami Digital Entertainment,"Free to Play,Card Game,Anime",7969,2563,0
Romancing SaGa 2,15/12/2017,"Square Enix,ArtePiazza",Square Enix,"RPG,JRPG,Pixel Graphics",72,50,1999
STAR OCEAN™ - THE LAST HOPE -™ 4K & Full HD Remaster,28/11/2017,"Square Enix,tri-Ace",Square Enix,"RPG,Action,JRPG",503,223,1599
Minit,03/04/2018,JW Kitty Jukio and Dom,Devolver Digital,"Adventure,Indie,Pixel Graphics",823,91,699
CHRONO TRIGGER®,27/02/2018,Square Enix,Square Enix,"RPG,JRPG,Classic",1121,376,1199
Deadbeat Heroes,10/10/2017,Deadbeat Productions,Square Enix ,"Action,Local Co-Op,Indie",15,2,1099
SPACEPLAN,03/05/2017,Jake Hollands,Devolver Digital,"Casual,Indie,Clicker",1183,121,199
The Swords of Ditto,24/04/2018,onebitbeyond,Devolver Digital,"Adventure,RPG,Action",650,597,1139
ATOMEGA,19/09/2017,Reflections a Ubisoft Studio,Ubisoft,"Action,Indie,Multiplayer",609,189,859
Weedcraft Inc,11/04/2019,Vile Monarch,Devolver Digital,"Indie,Simulation,Strategy",234,77,1549
Football Manager 2018,09/11/2017,Sports Interactive,SEGA,"Sports,Simulation,Management",4399,2466,3799
Football Manager Touch 2018,09/11/2017,Sports Interactive,SEGA,"Sports,Simulation,Soccer",75,54,2199
Spelunker Party!,19/10/2017,"Tozai Games, Inc.,O-TWO inc.",Square Enix,"Action,Adventure,Platformer",24,3,2399
Sonic Forces,07/11/2017,"Sonic Team,Hardlight",SEGA,"Great Soundtrack,Adventure,Character Customization",2156,1045,3499
FINAL FANTASY XV WINDOWS EDITION,06/03/2018,Square Enix,Square Enix,"RPG,Open World,JRPG",13789,4046,3499
Secret of Mana,15/02/2018,Square Enix,Square Enix,"JRPG,RPG,Singleplayer",936,518,2999
Yakuza 0,01/08/2018,SEGA,SEGA,"Action,Story Rich,Beat 'em up",9023,1343,1499
Trials® Rising,26/02/2019,RedLynx,Ubisoft,"Racing,Bikes,Platformer",412,346,2099
The Escapists 2,21/08/2017,"Team17 Digital Ltd,Mouldy Toof Studios",Team17 Digital Ltd,"Strategy,Multiplayer,Pixel Graphics",5085,1167,1999
The Crew™ 2,28/06/2018,Ivory Tower,Ubisoft,"Racing,Open World,Driving",4030,3916,4999
Transference™,18/09/2018,Ubisoft,Ubisoft,"Adventure,Indie,VR",117,39,2099
FINAL FANTASY XV WINDOWS EDITION MOD ORGANIZER,07/06/2018,Square Enix,Square Enix,Free to Play,12,14,0
Interplanetary: Enhanced Edition,02/08/2017,Team Jolly Roger,Team17 Digital Ltd,"Strategy,Simulation,Indie",225,56,1099
ZONE OF THE ENDERS THE 2nd RUNNER : M∀RS / アヌビス ゾーン・オブ・エンダーズ : マーズ,04/09/2018,"Konami Digital Entertainment,Cygames, Inc.",Konami Digital Entertainment,"Action,Mechs,Violent",197,83,2499
My Time At Portia,15/01/2019,Pathea Games,Team17 Digital Ltd,"Open World,Crafting,RPG",10695,1108,2499
High Hell,23/10/2017,"Terri Vellmann,Doseone",Devolver Digital,"Action,Indie,Violent",465,73,719
GRIS,13/12/2018,Nomada Studio,Devolver Digital,"Atmospheric,Great Soundtrack,Beautiful",5747,242,1449
Forged Battalion,14/08/2018,Petroglyph,Team17 Digital Ltd,"Strategy,RTS,Simulation",492,264,1549
Tokyo Dark,07/09/2017,Cherrymochi,Square Enix,"Anime,Visual Novel,Female Protagonist",537,54,1359
Sword Legacy Omen,13/08/2018,"Firecast Studio,Fableware Narrative Design",Team17 Digital Ltd,"RPG,Strategy,Indie",141,36,1499
Tales of Wedding Rings VR,24/09/2018,Square Enix,Square Enix,"Casual,Anime,VR",23,5,1699
Super Bomberman R,12/06/2018,Konami Digital Entertainment,Konami Digital Entertainment,"Action,Multiplayer,Singleplayer",80,84,3499
Mugsters,17/07/2018,Reinkout Games,Team17 Digital Ltd,"Action,Indie,Co-op",32,4,999
LEFT ALIVE™,05/03/2019,Square Enix,Square Enix,"Action,Violent,Gore",99,394,4499
Reigns: Her Majesty,06/12/2017,"Nerial,Synaptic Insight Technology Systems",Devolver Digital,"Indie,Casual,Female Protagonist",527,90,209
L.A. Noire: The VR Case Files,15/12/2017,Rockstar Games,Rockstar Games,"Adventure,Action,Violent",258,151,2499
Umiro,28/03/2018,Diceroll Studios,Devolver Digital,"Adventure,Strategy,Indie",35,7,209
Overcooked! 2,07/08/2018,"Ghost Town Games Ltd.,Team17 Digital Ltd",Team17 Digital Ltd,"Multiplayer,Casual,Local Co-Op",5362,1274,1999
Crash Bandicoot™ N. Sane Trilogy,29/06/2018,"Vicarious Visions,Iron Galaxy",Activision,"3D Platformer,Remake,Classic",3555,237,3499
DRAGON QUEST® XI: Echoes of an Elusive Age™ - Digital Edition of Light,04/09/2018,Square Enix,Square Enix,"JRPG,RPG,Turn-Based Combat",3663,281,3999
Shadow of the Tomb Raider,14/09/2018,"Eidos-Montréal,Crystal Dynamics,Nixxes software",Square Enix,"Adventure,Action,Lara Croft",10832,4408,4499
Shenmue I & II,21/08/2018,D3T,SEGA,"Adventure,Open World,Action",732,65,2499
The Messenger,30/08/2018,Sabotage,Devolver Digital,"Action,Indie,Metroidvania",1846,90,1549
PRO EVOLUTION SOCCER 2019,29/08/2018,Konami Digital Entertainment,Konami Digital Entertainment,"Sports,Soccer,Multiplayer",1619,2217,2499
Discovery Tour by Assassin’s Creed®: Ancient Egypt,20/02/2018,Ubisoft Montreal,Ubisoft,"Adventure,RPG,Action",66,18,1249
Block'hood VR,19/04/2018,"Plethora-Project LLC,General Arcade",Devolver Digital,"Simulation,Strategy,Indie",4,2,1139
THE QUIET MAN™,01/11/2018,"Square Enix,Human Head Studios",Square Enix,"Violent,Action,FMV",118,236,1199
Valkyria Chronicles 4,25/09/2018,SEGA,SEGA,"Strategy,RPG,Anime",1407,197,4999
Shining Resonance Refrain,09/07/2018,SEGA,SEGA,"RPG,Adventure,Anime",255,78,4499
Assassin's Creed® Odyssey,05/10/2018,"Ubisoft Quebec,Ubisoft Montreal,Ubisoft Bucharest,Ubisoft Singapore,Ubisoft Montpellier,Ubisoft Kiev,Ubisoft Shanghai",Ubisoft,"Open World,Action,RPG",20771,4528,4999
Yakuza Kiwami,19/02/2019,SEGA,SEGA,"Action,Adventure,RPG",1449,116,1499
The Awesome Adventures of Captain Spirit,25/06/2018,DONTNOD Entertainment,Square Enix,"Free to Play,Story Rich,Choices Matter",8077,667,0
Football Manager 2019,02/11/2018,Sports Interactive,SEGA,"Simulation,Sports,Management",2963,1004,3799
Football Manager 2019 Touch,01/11/2018,Sports Interactive,SEGA,"Sports,Simulation,Football",66,38,2199
Football Manager 2019: The Hashtag United Challenge,21/12/2018,Sports Interactive,SEGA,"Sports,Simulation",13,7,0
Catherine Classic,10/01/2019,ATLUS,SEGA,"Sexual Content,Nudity,Anime",1073,187,1499
Reigns: Game of Thrones,18/10/2018,Nerial,Devolver Digital,"RPG,Indie,Adventure",454,124,299
DISSIDIA FINAL FANTASY NT Free Edition,12/03/2019,"Square Enix,KOEI TECMO GAMES CO., LTD.",Square Enix,"Free to Play,Action,Multiplayer",620,1005,0
Far Cry® New Dawn,15/02/2019,"Ubisoft Montreal,Ubisoft Kiev,Ubisoft Shanghai",Ubisoft,"Open World,Action,FPS",2755,1161,3799
Love Thyself - A Horatio Story,01/04/2019,AMPLITUDE Studios,SEGA,"Indie,Casual,Visual Novel",81,1,0
PRO EVOLUTION SOCCER 2019 LITE,13/12/2018,Konami Digital Entertainment,Konami Digital Entertainment,"Sports,Free to Play,Multiplayer",423,637,0
The Settlers® : Heritage of Kings - History Edition,22/01/2019,Ubisoft Blue Byte,Ubisoft,"Strategy,RTS,City Builder",19,13,999
The Settlers® : Rise of an Empire - History Edition,22/01/2019,Ubisoft Blue Byte,Ubisoft,"Strategy,City Builder",15,12,999
The Settlers® 7 : History Edition,22/01/2019,Ubisoft Blue Byte,Ubisoft,Strategy,9,18,1249
Anniversary Collection Arcade Classics,18/04/2019,Konami Digital Entertainment,Konami Digital Entertainment,"Action,Casual,Arcade",20,10,1599
